country,region,population,electoral_comp,globalization,monarchy,presidential,democracy,gdp_per_capita,rain_avg,temp_avg,climate_laws_policies,co2_per_capita,co2_growth_rate,ag_land_pct,forest_land_pct,nat_disaster_damage,nat_disaster_affected,nat_disaster_deaths,nat_disaster_n
Afghanistan,South Asia,33753499,2,38.153248,0,1,0,1928,32.4333333333333,13.85,3,0.262555710891417,0,58.0699996948242,1.85000002384186,3000,26575,446,7
Albania,Eastern Europe/Former USSR,2880703,3,67.743652,0,0,1,10032,87.3666666666667,12.4583333333333,0,1.60264803417777,34.8950889226185,42.8600006103516,28.7999992370605,0,42300,1,3
Algeria,North Africa and Middle East,39543154,2,55.993813,0,1,0,14004,6.25,23.4166666666667,0,3.85455657561633,33.910971601414,17.4099998474121,0.819999992847443,0,35000,12,2
Angola,Sub-Saharan Africa,28127721,2,44.740986,0,1,0,8689,79.5,21.7666666666667,1,1.24024546214599,26.6688485227415,44.3499984741211,55.6500015258789,0,3000,459,4
Antigua and Barbuda,The Caribbean,89941,3,56.4366,1,0,1,NA,130.841666666667,26.9416666666667,3,5.83954641643332,45.6655184981472,20.4500007629395,19.2000007629395,NA,NA,NA,NA
Azerbaijan,Eastern Europe/Former USSR,9649341,2,62.04681,0,1,0,17460,36.8583333333333,13.508333333333301,0,3.89640608617728,50.1421399331935,57.7000007629395,13.039999961853,NA,NA,NA,NA
Argentina,Latin America,43131966,3,65.868263,0,1,1,19502,49.9,14.9083333333333,1,4.6640107478523,47.2607869729658,54.3400001525879,10.6300001144409,17200,145633,19,5
Australia,"Western Europe, North America, Australia, New Zealand",23815995,3,80.117859,1,0,1,48357,37.2583333333333,22.2416666666667,3,15.3397835782213,58.7989358813082,45.310001373291,17.3199996948242,2732000,1990,16,8
Austria,"Western Europe, North America, Australia, New Zealand",8642699,3,88.051277,0,0,1,41294,95.7,8.1,0,7.08859223258845,74.9181704198118,32.939998626709,47.0299987792969,NA,NA,NA,NA
Bahamas,The Caribbean,392697,3,54.103226,1,0,1,NA,106.808333333333,26.0083333333333,1,5.38967841242524,27.0986893145326,1.39999997615814,50.939998626709,90000,6710,33,1
Bahrain,North Africa and Middle East,1362142,2,68.155579,1,0,0,40483,4.45,28.8583333333333,0,23.977086432856,45.6287217437652,11.0500001907349,0.769999980926514,NA,NA,NA,NA
Bangladesh,South Asia,157830000,2,50.178932,0,0,0,3402,211.866666666667,25.2583333333333,1,0.518850858828864,22.0499686682248,70.3899993896484,14.4700002670288,84000,4052250,159,8
Armenia,Eastern Europe/Former USSR,2878595,3,66.349289,0,1,1,10042,48.3916666666667,7.725,0,1.64200409290141,40.8817368593298,58.8899993896484,11.5699996948242,NA,NA,NA,NA
Barbados,The Caribbean,278083,3,60.085197,1,0,1,11849,130.033333333333,27.0666666666667,0,4.39540312066283,61.1082985026283,25.5799999237061,14.6499996185303,NA,NA,NA,NA
Belgium,"Western Europe, North America, Australia, New Zealand",11274196,3,89.801727,1,0,1,38569,69.3583333333333,11.0666666666667,0,8.81183580629608,63.4603712400321,43.8600006103516,22.7600002288818,0,0,410,1
Bhutan,South Asia,743274,3,40.116413,1,0,1,NA,148.591666666667,11.9,1,1.46604229291802,0,13.789999961853,71.2300033569336,NA,NA,NA,NA
Bolivia,Latin America,11090085,3,58.836266,0,1,1,6200,85.7583333333333,21.4416666666667,2,1.84670253998949,28.3176037497533,34.7700004577637,48.0299987792969,0,4000,0,1
Botswana,Sub-Saharan Africa,2305171,3,55.808731,0,1,1,14805,28.725,22.7916666666667,0,2.56084595957214,25.9885450216386,45.6300010681152,27.9599990844727,44000,0,0,1
Brazil,Latin America,205188205,3,63.545547,0,1,1,15826,135.075,26.0583333333333,2,2.46678804837845,32.027831058412,28.1700000762939,60.2900009155273,4000,309450,28,6
Belize,The Caribbean,359871,3,54.500587,1,0,1,NA,153.941666666667,26.125,0,1.60524529483311,44.4901354827982,7.44999980926514,58.4300003051758,0,20000,0,1
Solomon Islands,The Pacific,612660,3,37.565186,1,0,1,NA,246.841666666667,25.575,0,0.31616366946435,45.2241797501097,4.03999996185303,90.2699966430664,2000,44096,9,3
Brunei,South-East Asia,421437,0,60.082684,1,0,0,NA,236.875,26.8583333333333,1,17.0487434533522,34.5735064586192,2.73000001907349,72.1100006103516,NA,NA,NA,NA
Bulgaria,Eastern Europe/Former USSR,7177991,3,79.495956,0,0,1,16373,60.0083333333333,11.8,0,6.23257956160714,69.8585550858203,46.1699981689453,35.310001373291,5800,0,5,1
Myanmar,South-East Asia,51483949,2,42.010334,0,1,0,5021,161.583333333333,23.45,2,0.423286250838684,21.0206545106533,19.5200004577637,45.9199981689453,119000,1635703,213,6
Burundi,Sub-Saharan Africa,10727148,2,39.516563,0,1,0,694,104.383333333333,20.6,1,0.0397016544242488,12.5022757239715,79.1699981689453,10.8900003433228,13000,4179,63,2
Belarus,Eastern Europe/Former USSR,9461076,2,65.36657,0,1,0,18136,43.925,8.71666666666667,1,6.14141088532982,55.7038905050261,42.2400016784668,42.5299987792969,NA,NA,NA,NA
Cambodia,South-East Asia,15417523,2,57.186829,1,0,0,3086,143.166666666667,27.8833333333333,6,0.555905458747502,6.75720861630396,31.5300006866455,50.1199989318848,0,28300,0,2
Cameroon,Sub-Saharan Africa,23012646,2,49.503506,0,1,0,2778,119.008333333333,25,0,0.340283662787024,50.5128785684224,20.6299991607666,43.6199989318848,0,30000,4,2
Canada,"Western Europe, North America, Australia, New Zealand",35702908,3,83.544319,1,0,1,43619,36.7166666666667,-6.3,1,15.3889503062328,62.0724843260183,6.46999979019165,38.7200012207031,0,13000,0,1
Cape Verde,Sub-Saharan Africa,552166,3,48.030453,0,0,1,6266,28.5,23.2916666666667,0,0.94340467619387,44.7211990204467,19.6000003814697,10.9700002670288,1100,0,9,1
Central African Republic,Sub-Saharan Africa,4819333,2,35.833672,0,1,0,576,113.358333333333,25.4333333333333,0,0.0652902071366096,43.0175738558717,8.14999961853027,36.0400009155273,0,1109,1,1
Sri Lanka,South Asia,21336697,3,57.840599,0,1,1,10763,194.783333333333,27.3833333333333,2,0.959155698617072,19.0462385186705,44.2700004577637,34.4000015258789,0,27300,10,2
Chad,Sub-Saharan Africa,14140274,2,39.38298,0,1,0,2384,30.5333333333333,27.425,0,0.0709441409966356,28.9940232236629,39.9000015258789,3.88000011444092,NA,NA,NA,NA
Chile,Latin America,17870124,3,76.041519,0,1,1,21589,46.8166666666667,9.04166666666667,0,4.63258565848197,42.8145271313803,21.2299995422363,23.6700000762939,2900000,854258,204,7
China,East Asia,1379860000,0,63.531139,0,0,0,12244,50.0666666666667,7.5,0,7.39852456644448,26.6012803626708,56.0900001525879,22.3099994659424,18472540,3694880,500,36
Colombia,Latin America,47119728,3,62.605274,0,1,1,13218,181.483333333333,25.4166666666667,2,1.98039913875788,33.7591736235638,40.3400001525879,54.2000007629395,0,48940,93,4
Comoros,Sub-Saharan Africa,730216,3,37.096867,0,1,1,1696,153.958333333333,24.8166666666667,0,0.21697555002161,38.2971290714276,71.4700012207031,18.8700008392334,NA,NA,NA,NA
Congo,Sub-Saharan Africa,5064386,2,53.150806,0,1,0,6272,124.408333333333,25,1,0.665272611017701,0,31.1200008392334,64.4700012207031,NA,NA,NA,NA
"Congo, Democratic Republic",Sub-Saharan Africa,78656904,2,45.715515,0,1,0,836,126.833333333333,24.35,0,0.0372257193904917,16.316018426372,14.1999998092651,58.0800018310547,0,247823,55,5
Costa Rica,Latin America,4895242,3,66.955437,0,1,1,13677,234.291666666667,25.0666666666667,2,1.54991476553095,50.7234649354507,34.810001373291,57.8300018310547,0,28116,0,2
Croatia,Eastern Europe/Former USSR,4203604,3,79.225334,0,0,1,19698,88.7416666666667,12.35,2,4.11834868365336,58.5754845961393,27.1599998474121,33.9599990844727,0,1200,0,1
Cuba,Latin America,11339894,1,57.293896,0,1,0,7889,96.3,26.5833333333333,1,2.58233028965417,39.2926103187393,59.9500007629395,30.5900001525879,0,110089,3,2
Czech Republic,Eastern Europe/Former USSR,10546059,3,84.340202,0,0,1,28194,47.2916666666667,9.75,1,9.468220308648,83.8887291662101,45.25,34.560001373291,NA,NA,NA,NA
Benin,Sub-Saharan Africa,10932783,3,47.664566,0,1,1,2055,76.9916666666667,28.175,0,0.57349144549824,24.0907788341248,35.0299987792969,30.0200004577637,NA,NA,NA,NA
Denmark,"Western Europe, North America, Australia, New Zealand",5683483,3,87.718597,1,0,1,44635,71.6583333333333,9.23333333333333,0,5.4222855949424,99.9936811230394,65.8499984741211,15.6199998855591,NA,NA,NA,NA
Dominica,The Caribbean,70007,3,54.694038,0,0,1,9319,224.8,22.8083333333333,0,2.47272522933847,53.5018707507598,33.3300018310547,63.8300018310547,482810,28000,30,1
Dominican Republic,Latin America,10405832,3,61.16592,0,1,1,13762,113.958333333333,24.725,0,2.34749515643358,51.4052043849834,50.2799987792969,43.5400009155273,0,20883,2,3
Ecuador,Latin America,16195902,3,60.203144,0,1,1,10905,223.191666666667,22.3666666666667,2,2.66904432637019,33.1491867928278,23.3099994659424,51.6199989318848,0,931227,12,3
El Salvador,Latin America,6231066,3,63.91082,0,1,1,8109,134.075,25.7083333333333,0,1.0829757645858,53.4201381191688,70.7300033569336,29.2700004577637,0,20000,13,2
Equatorial Guinea,Sub-Saharan Africa,1346973,1,43.471531,0,1,0,37822,134.583333333333,24.75,1,5.15891929267274,38.0467504833003,10.1199998855591,88.7799987792969,NA,NA,NA,NA
Ethiopia,Sub-Saharan Africa,102471895,2,43.99448,0,1,0,1553,68.5333333333333,23.6,1,0.136045863945994,2.99181121164227,32.8699989318848,15.4399995803833,1400000,10410600,0,2
Eritrea,Sub-Saharan Africa,3340006,0,30.093796,0,1,0,NA,22.15,27.55,0,NA,38.265520525615,75.1699981689453,10.6000003814697,NA,NA,NA,NA
Estonia,Eastern Europe/Former USSR,1315407,3,82.323807,0,0,1,24493,47.9583333333333,7.38333333333333,0,12.4388527657219,48.4061814937448,22.8400001525879,55.689998626709,NA,NA,NA,NA
Fiji,The Pacific,917200,2,56.102165,0,1,0,NA,148.858333333333,24.1333333333333,0,2.48230368155722,44.1607757452237,23.2600002288818,60.5699996948242,0,67000,0,1
Finland,"Western Europe, North America, Australia, New Zealand",5479531,3,86.955688,0,1,1,36836,49.5083333333333,3.65,1,7.77564229493364,74.2151836664876,7.48000001907349,73.7399978637695,NA,NA,NA,NA
France,"Western Europe, North America, Australia, New Zealand",66548272,3,87.687798,0,1,1,36827,58.8833333333333,12.1833333333333,3,NA,79.635044729727,52.4599990844727,30.75,924000,750,3298,3
Djibouti,Sub-Saharan Africa,1006259,2,53.50161,0,1,0,2941,16.3833333333333,29.1,1,0.686063241184561,24.3224503466838,73.4300003051758,0.239999994635582,NA,NA,NA,NA
Gabon,Sub-Saharan Africa,2028517,2,52.359745,0,1,0,18389,125.958333333333,25.5416666666667,0,2.70174196456718,40.9699459839614,8.44999980926514,91.5500030517578,NA,NA,NA,NA
Georgia,Eastern Europe/Former USSR,3725276,3,71.500877,0,1,1,10603,80.25,8.26666666666667,1,2.63020082270414,33.034997459516,34.7999992370605,40.6199989318848,23000,10320,40,1
Gambia,Sub-Saharan Africa,2253133,2,49.14732,0,1,0,1786,82.0666666666667,28.1416666666667,0,0.251397984524369,25.207839277939,59.7799987792969,26.8099994659424,0,63100,0,1
Germany,"Western Europe, North America, Australia, New Zealand",81686611,3,87.801735,0,0,1,44293,53.3666666666667,10.3333333333333,1,8.90041929882487,65.8131785267177,47.9599990844727,32.7299995422363,NA,NA,NA,NA
Ghana,Sub-Saharan Africa,28870939,3,59.126472,0,1,1,3809,88.6,27.975,0,0.594373807079951,19.7598435018017,65.370002746582,34.6300010681152,12000,0,110,2
Kiribati,The Pacific,116707,3,44.591438,0,0,1,NA,87.9916666666667,27.4916666666667,0,0.561967006220139,41.3237311961703,41.9799995422363,1.46000003814697,0,1500,0,1
Greece,"Western Europe, North America, Australia, New Zealand",10820883,3,80.868011,0,0,1,22442,58.5666666666667,14.3416666666667,0,6.01244038956895,58.0427520928148,48.0900001525879,30.2700004577637,0,500,3,2
Grenada,The Caribbean,118980,3,54.874413,0,0,1,NA,92.1666666666667,27.6083333333333,0,2.37554174764368,50.5437786640816,23.5300006866455,52.060001373291,NA,NA,NA,NA
Guatemala,Latin America,15567419,3,62.007736,0,1,1,7138,205.266666666667,24.175,0,1.01713109925287,37.3591379555433,35.9799995422363,33.4599990844727,5000,66222,358,4
Guinea,Sub-Saharan Africa,11625998,3,43.87257,0,1,1,1364,147.708333333333,26.3416666666667,0,0.23640292132111,33.2413389678485,59.0099983215332,26,0,30079,16,2
Guyana,The Caribbean,755031,3,50.678627,0,1,1,NA,175.241666666667,26.5833333333333,0,2.62805043313284,30.5220207982071,6.21999979019165,93.7799987792969,0,199000,0,1
Haiti,Latin America,10563757,2,42.523426,0,1,0,1742,108.158333333333,25.725,0,0.274282500129493,42.1556300397231,66.7600021362305,13.1700000762939,0,65000,181,3
Honduras,Latin America,9294505,3,60.968506,0,1,1,4706,150.233333333333,24.3916666666667,1,1.09934558817397,40.6301125688815,29.6700000762939,57.7700004577637,NA,NA,NA,NA
Hungary,Eastern Europe/Former USSR,9843028,3,84.071838,0,0,1,22788,47.5,12.0333333333333,1,4.51267343748286,74.2699751288394,57.6800003051758,22.5799999237061,NA,NA,NA,NA
Iceland,"Western Europe, North America, Australia, New Zealand",330815,3,71.108025,0,1,1,39727,97.9,1.88333333333333,0,6.00793192569865,46.3088216398981,18.6700000762939,0.479999989271164,NA,NA,NA,NA
India,South Asia,1322866505,3,60.624451,0,0,1,5794,90.0833333333333,24.7416666666667,0,1.78433376502382,22.4215133171698,60.4300003051758,23.8199996948242,6949000,346502337,3400,22
Indonesia,South-East Asia,259091970,3,63.315411,0,1,1,10484,212.666666666667,26.3,2,1.98445241358829,35.4910435376116,31.6299991607666,52.4599990844727,1235000,489143,84,12
Iran,North Africa and Middle East,81790841,1,53.030777,0,1,0,16253,17.1083333333333,18.425,0,8.28207518414406,40.3754727802781,28.2099990844727,6.55999994277954,636000,24400,52,5
Iraq,North Africa and Middle East,37757813,2,45.493076,0,0,0,13014,12.9666666666667,23.125,0,4.70236828634536,0,21.3099994659424,1.89999997615814,0,65000,58,2
Ireland,"Western Europe, North America, Australia, New Zealand",4701957,3,85.414108,0,1,1,54278,110.883333333333,9.38333333333333,2,7.63666362750659,74.9944993509692,64.3099975585938,10.9499998092651,0,0,1,1
Israel,North Africa and Middle East,8380100,3,76.46936,0,0,1,30954,22.5666666666667,20.8,0,7.90058412190785,52.9990170882558,24.6700000762939,7.61999988555908,0,0,0,1
Italy,"Western Europe, North America, Australia, New Zealand",60730582,3,82.689224,0,0,1,33118,65.4833333333333,13.383333333333301,2,NA,57.9091522865588,44.0099983215332,31.6100006103516,1143000,550,9,4
Cote d'Ivoire,Sub-Saharan Africa,23596741,2,50.329971,0,1,0,3218,94.9833333333333,27,1,0.471910596606591,16.6839666499524,NA,NA,0,0,16,1
Jamaica,The Caribbean,2794445,3,65.75843,1,0,1,7024,113.591666666667,25.5833333333333,1,2.61926668813544,60.5789975965791,41,53.3199996948242,NA,NA,NA,NA
Japan,East Asia,127141000,3,77.749146,1,0,1,37031,147.275,11.5416666666667,5,9.15364142172863,57.5320850600119,12.3299999237061,68.4300003051758,1630200,105828,71,10
Kazakhstan,Eastern Europe/Former USSR,17542806,2,60.855053,0,1,0,23850,25.075,7.65,0,13.800054164653,40.942482837573,80.1100006103516,1.23000001907349,5300,12670,2,1
Jordan,North Africa and Middle East,9494246,2,72.759178,1,0,0,11519,7.89166666666667,19.725,0,2.82744325708258,49.6039797928815,11.8999996185303,1.10000002384186,NA,NA,NA,NA
Kenya,Sub-Saharan Africa,46851488,3,55.101948,0,1,1,3046,64.85,25.2166666666667,0,0.355454019955915,29.2203831881125,48.5499992370605,6.19000005722046,0,245226,138,3
"Korea, South",East Asia,51014947,3,77.148155,0,1,1,35269,91.2166666666667,11.8083333333333,1,11.7093976398721,41.2309820593402,17.8199996948242,65.0299987792969,0,0,36,1
Kuwait,North Africa and Middle East,3908743,2,70.3368,1,0,0,71354,7.34166666666667,26.9,NA,24.2424489472418,39.311954135668,8.38000011444092,0.349999994039536,NA,NA,NA,NA
Kyrgyzstan,Eastern Europe/Former USSR,5956900,3,61.355816,0,1,1,4754,36.05,2.925,2,1.75381204989172,21.8476047899737,55.0400009155273,6.53000020980835,12000,11490,0,1
Laos,South-East Asia,6787419,1,43.616325,0,1,0,5559,125.558333333333,24.2833333333333,0,1.34197729056881,25.7662795664934,10.8100004196167,72.6500015258789,10000,47895,4,2
Lebanon,North Africa and Middle East,6398940,2,67.388885,0,0,0,12953,54.425,16.0916666666667,1,3.74576720297556,33.4409837838512,64.3199996948242,13.7200002670288,0,1000942,5,3
Lesotho,Sub-Saharan Africa,2118521,3,49.88546,1,0,1,2710,41.0916666666667,13.25,0,1.13980381938795,42.7539275874858,73.2200012207031,1.13999998569489,NA,NA,NA,NA
Latvia,Eastern Europe/Former USSR,1977527,3,74.893082,0,0,1,21488,47.025,7.925,0,3.54363657234516,65.9587024018504,30.3299999237061,54.5900001525879,NA,NA,NA,NA
Liberia,Sub-Saharan Africa,4612329,2,45.819942,0,1,0,865,194.241666666667,25.8833333333333,0,0.2771427229816,19.7771293617149,19.3400001525879,80.6600036621094,NA,NA,NA,NA
Libya,North Africa and Middle East,6192235,2,54.061783,0,0,0,8514,3.6,22.4166666666667,0,8.88024053041959,56.9778762890693,8.72000026702881,0.119999997317791,NA,NA,NA,NA
Lithuania,Eastern Europe/Former USSR,2904910,3,79.79509,0,1,1,23889,46.8666666666667,8.475,0,4.50404866243705,59.7898081476088,47.9799995422363,34.9099998474121,NA,NA,NA,NA
Luxembourg,"Western Europe, North America, Australia, New Zealand",569604,3,82.933098,1,0,1,55972,65.8666666666667,10.5166666666667,2,16.2425843217393,77.5209183618384,54.0200004577637,36.5,NA,NA,NA,NA
Madagascar,Sub-Saharan Africa,24850912,2,48.177013,0,1,0,1360,111.925,22.975,3,0.150407888260536,9.81542409925977,70.2900009155273,21.4799995422363,46000,0,121,3
Malawi,Sub-Saharan Africa,16938942,3,45.531879000000004,0,1,1,1124,75.8583333333333,22.75,1,0.0687618492182554,34.7564099229018,59.9300003051758,26,390000,7338000,283,3
Malaysia,South-East Asia,31068833,3,80.596245,1,0,1,22432,231.875,26.0083333333333,1,7.75739069673438,33.7059818138999,26.0799999237061,59.2400016784668,2,3000,25,2
Maldives,South Asia,435582,2,48.163509,0,1,0,NA,197.083333333333,27.725,1,2.86160051877823,20.3569679329736,26.3299999237061,2.73000001907349,NA,NA,NA,NA
Mali,Sub-Saharan Africa,18112907,3,48.898819,0,1,1,1553,26.8583333333333,28.875,0,0.181680620052621,35.3429569523283,33.7700004577637,10.8999996185303,0,2000,5,1
Malta,"Western Europe, North America, Australia, New Zealand",445053,3,77.620132,0,0,1,28700,40.3166666666667,20.025,1,3.64184490386538,61.4950542164154,31.9699993133545,1.0900000333786,NA,NA,NA,NA
Mauritania,Sub-Saharan Africa,3946220,2,50.774899,0,1,0,3424,8.99166666666667,28.5666666666667,0,0.715038994874578,21.8254854489234,38.4799995422363,0.330000013113022,NA,NA,NA,NA
Mauritius,Sub-Saharan Africa,1262879,3,71.532791,0,0,1,18322,176.441666666667,24.2583333333333,1,3.33705553201516,45.6713283830281,42.3600006103516,18.8700008392334,NA,NA,NA,NA
Mexico,Latin America,120149897,3,70.931564,0,1,1,16096,61.9666666666667,21.5416666666667,1,3.96319112817122,59.587729985192,53.0900001525879,34.1199989318848,825000,20592,42,4
Mongolia,East Asia,2964749,3,62.106586,0,0,1,12398,15.883333333333301,1.55833333333333,2,7.76585750118645,0,72.9899978637695,9.10000038146973,0,965000,0,1
Moldova,Eastern Europe/Former USSR,2835978,3,67.581673,0,0,1,5775,37.95,11.6916666666667,1,1.74389263828571,54.1838461302888,70.5,11.75,NA,NA,NA,NA
Morocco,North Africa and Middle East,34680458,2,67.699875,1,0,0,8001,18.5833333333333,18.4833333333333,1,1.76761495335612,41.8624586300509,67.3199996948242,12.7399997711182,NA,NA,NA,NA
Mozambique,Sub-Saharan Africa,26843246,2,49.542767,0,1,0,1103,73.7333333333333,24.6916666666667,0,0.239883237934824,0,51.75,48.25,0,177645,160,1
Oman,North Africa and Middle East,4191776,2,61.158108,1,0,0,38738,3.95833333333333,26.5166666666667,0,15.3224618662457,21.4665167773899,4.63000011444092,0.00999999977648258,221000,6000,0,1
Namibia,Sub-Saharan Africa,2282704,2,56.473969,0,1,0,9462,18.4916666666667,21.1583333333333,1,1.72348226967511,33.7556870483044,47.1399993896484,8.5,60000,580000,0,1
Nepal,South Asia,27610325,3,45.25766,0,1,1,2455,115.666666666667,13.1416666666667,1,0.231435418304721,0,28.75,41.5900001525879,5174000,5621790,9034,4
Netherlands,"Western Europe, North America, Australia, New Zealand",16939923,3,90.821609,1,0,1,44869,67.1916666666667,10.8,0,10.1825736161847,59.5514869102056,54.8300018310547,10.8400001525879,NA,NA,NA,NA
Vanuatu,The Pacific,276438,3,51.967968,0,0,1,NA,235.541666666667,23.8416666666667,2,0.486895585143658,6.49925051681308,15.3400001525879,36.2799987792969,449400,188000,11,1
New Zealand,"Western Europe, North America, Australia, New Zealand",4609400,3,75.905876,1,0,1,33696,151.766666666667,10.0333333333333,0,7.59140892573493,52.9514713534014,40.6800003051758,37.4000015258789,271000,500,1,2
Nicaragua,Latin America,6298598,3,59.359695,0,1,1,4866,180.333333333333,25.5916666666667,0,0.85675918010554,47.4093698104124,42.0900001525879,32.4700012207031,0,3750,2,1
Niger,Sub-Saharan Africa,20128124,3,44.084888,0,1,1,913,14.825,27.6916666666667,0,0.101384119910429,0,36.0800018310547,0.899999976158142,0,2675165,33,3
Nigeria,Sub-Saharan Africa,183995785,3,55.144814,0,1,1,5578,86.3666666666667,27.325,2,0.640003153848121,50.3515375019987,75.3600006103516,24.6399993896484,25000,102528,150,2
Norway,"Western Europe, North America, Australia, New Zealand",5188607,3,85.685173,1,0,1,82713,104.6,2.51666666666667,0,9.0992871497109,54.5907499006403,2.70000004768372,33.25,NA,NA,NA,NA
Micronesia,The Pacific,109462,3,44.339615,0,1,1,NA,401.5,26.8,1,1.31331098764865,44.9939727037758,31.4300003051758,91.8099975585938,11000,35000,5,1
Marshall Islands,The Pacific,49410,3,44.070679,0,0,1,NA,264.191666666667,28.25,0,2.48982398718641,44.1733164000356,47.7799987792969,52.2200012207031,4900,21000,0,1
Pakistan,South Asia,210969298,3,52.798862,0,0,1,5030,33.825,20.9083333333333,0,0.945421161804379,48.8323616054744,46.9599990844727,5.09999990463257,1000,2023936,1892,10
Panama,Latin America,3957099,3,70.170334,0,1,1,20723,189.041666666667,25.8333333333333,1,2.80443025263784,32.0315108808068,30.4799995422363,57.6199989318848,0,3500,0,2
Papua New Guinea,The Pacific,8682174,3,50.902027,1,0,1,NA,254.433333333333,25.1083333333333,3,0.922655105747261,45.5290995766369,2.63000011444092,79.5500030517578,60000,2549199,24,3
Paraguay,Latin America,6177950,3,63.456341,0,1,1,8539,115.333333333333,24.3833333333333,2,0.942414766534714,34.370270251669,55.2599983215332,44.0400009155273,0,150150,14,3
Peru,Latin America,30711863,3,68.753937,0,1,1,11445,125.225,20.2833333333333,1,1.72743190236244,21.8766190266038,18.2299995422363,57.1800003051758,94000,351205,30,3
Philippines,South-East Asia,103031365,3,64.047203,0,1,1,7047,187.758333333333,26.0166666666667,2,1.14696532119663,26.4596536084421,41.7200012207031,23.5200004577637,1965966,4015770,201,16
Poland,Eastern Europe/Former USSR,37986412,3,80.66275,0,1,1,24177,42.75,9.86666666666667,1,7.52003900763252,67.5443298741853,46.9300003051758,30.7700004577637,0,1200,78,2
Portugal,"Western Europe, North America, Australia, New Zealand",10358076,3,82.760147,0,1,1,24915,45.8583333333333,16.025,1,4.75559466835347,60.7468571344577,39.7200012207031,36.1500015258789,0,0,1,1
Guinea-Bissau,Sub-Saharan Africa,1788919,3,42.29686,0,1,1,1393,135.983333333333,27.625,0,0.160425788135174,36.9247889413956,28.0900001525879,71.9100036621094,NA,NA,NA,NA
Qatar,North Africa and Middle East,2414573,0,74.311783,1,0,0,156029,3.65,28.55,0,41.6421622085115,14.091034378435,5.90000009536743,0,NA,NA,NA,NA
Romania,Eastern Europe/Former USSR,19815616,3,78.837547,0,0,1,19320,51.25,10.758333333333301,0,3.61914153968264,100,60.2299995422363,29.9899997711182,0,1500,1,1
Russia,Eastern Europe/Former USSR,144096870,2,71.542717,0,1,0,23691,37.875,-4.25833333333333,0,11.7852203798736,54.2193596250669,13.1599998474121,49.7599983215332,136820,6500,31,2
Rwanda,Sub-Saharan Africa,11642959,2,50.410973,0,1,0,1693,102.725,19.2833333333333,0,0.0845059372045438,20.7175563364907,73.4400024414062,10.9399995803833,0,3425,2,1
St Kitts and Nevis,The Caribbean,47790,3,49.702797,1,0,1,NA,107.175,25.4583333333333,0,4.58339192250605,50.06961497526,23.0799999237061,42.310001373291,NA,NA,NA,NA
St Lucia,The Caribbean,175623,3,54.218258,1,0,1,10185,142.991666666667,26.6666666666667,0,2.29282181257886,50.161481429346,17.3799991607666,34.0499992370605,NA,NA,NA,NA
St Vincent and the Grenadines,The Caribbean,106482,3,50.217037,1,0,1,NA,94.55,27.7583333333333,1,2.01579506724814,62.892278227411,17.9500007629395,73.1800003051758,NA,NA,NA,NA
Sao Tome and Principe,Sub-Saharan Africa,201124,3,44.168041,0,1,1,3545,153.375,23.3666666666667,0,0.570003810822737,28.7538242494869,45.8300018310547,57.2900009155273,NA,NA,NA,NA
Saudi Arabia,North Africa and Middle East,32749848,0,65.157951,1,0,0,51681,5.68333333333333,25.9,0,20.4022516221007,27.9573881429778,80.7699966430664,0.449999988079071,2000,0,23,2
Senegal,Sub-Saharan Africa,14356181,3,59.853493,0,1,1,2311,60.825,28.8833333333333,1,0.729704490714691,8.56330462312262,46.0900001525879,42.939998626709,NA,NA,NA,NA
Seychelles,Sub-Saharan Africa,93419,2,61.464149,0,1,0,25690,167.841666666667,28.0916666666667,2,5.25993641550434,100,3.36999988555908,73.2600021362305,NA,NA,NA,NA
Sierra Leone,Sub-Saharan Africa,7314773,3,45.648884,0,1,1,1563,209.416666666667,26.6833333333333,2,0.148788315085764,9.8638513813582,54.7099990844727,36.4900016784668,0,24303,10,1
Singapore,South-East Asia,5535002,2,81.463135,0,0,0,65660,150.033333333333,27.8833333333333,0,11.1023602159493,10.9256078277753,0.930000007152557,23.2299995422363,NA,NA,NA,NA
Slovakia,Eastern Europe/Former USSR,5423801,3,81.896347,0,1,1,24588,57.2916666666667,9.325,0,5.76775899410764,79.6264667210748,39.2799987792969,39.9700012207031,NA,NA,NA,NA
Vietnam,South-East Asia,92191398,1,62.502438,0,0,0,5763,152.658333333333,25.1166666666667,1,2.03210755160208,20.8232652973739,39.1800003051758,45.3499984741211,6966800,1765100,52,5
Slovenia,Eastern Europe/Former USSR,2063531,3,79.69857,0,0,1,26268,116.641666666667,10.275,0,6.07218355333649,68.9105396725609,30.6100006103516,61.9599990844727,NA,NA,NA,NA
South Africa,Sub-Saharan Africa,55876504,2,70.173477,0,1,0,12246,30.6416666666667,18.9166666666667,1,8.37665534191835,55.6004723467299,79.4199981689453,14.210000038147,250000,2700000,0,1
Zimbabwe,Sub-Saharan Africa,14154937,2,52.028797,0,1,0,1560,36.475,22.25,0,0.891623872056209,38.1633435178929,41.8800010681152,45.689998626709,0,0,10,1
Spain,"Western Europe, North America, Australia, New Zealand",46444832,3,84.793312,1,0,1,31847,39.7916666666667,14.425,2,5.39341894917394,62.8876542895782,53.189998626709,37.1300010681152,2000,150,8,2
Suriname,The Caribbean,575475,3,46.799541,0,1,1,NA,199.416666666667,26.45,1,3.0824164425113,44.7011566976111,0.560000002384186,97.7699966430664,NA,NA,NA,NA
Eswatini,Sub-Saharan Africa,1133936,2,44.890553,1,0,0,7969,61.6333333333333,21.475,1,0.890142059555597,46.4350803673523,71.0500030517578,28.5799999237061,NA,NA,NA,NA
Sweden,"Western Europe, North America, Australia, New Zealand",9799186,3,89.560448,1,0,1,43746,58.65,3.375,0,3.89632404160917,67.5273692584084,7.46000003814697,68.6900024414062,NA,NA,NA,NA
Switzerland,"Western Europe, North America, Australia, New Zealand",8282396,3,90.384247,0,1,1,59307,111.616666666667,6.96666666666667,0,4.30703579012643,71.1859984293205,38.439998626709,31.6800003051758,NA,NA,NA,NA
Syria,North Africa and Middle East,19205178,2,47.422882,0,1,0,3049,21.7916666666667,18.8333333333333,0,1.6277712323908,NA,75.8099975585938,2.83999991416931,0,0,13,2
Tajikistan,Eastern Europe/Former USSR,8524063,2,46.540661,0,1,0,3789,48.0916666666667,4.2,0,0.592079302316008,34.7892269605804,34.1399993896484,3.03999996185303,5000,18764,12,4
Thailand,South-East Asia,70294397,0,69.926079,1,0,0,15020,113.683333333333,27.2333333333333,5,4.13835221791799,38.963759267199,43.2799987792969,39.2700004577637,3300561,0,3,2
Togo,Sub-Saharan Africa,7473229,2,50.155685,0,1,0,1370,87.625,27.7083333333333,1,0.360032242920336,22.4077864162775,70.2300033569336,22.5100002288818,0,0,24,1
Tonga,The Pacific,106122,3,45.938599,1,0,1,NA,128.041666666667,24.3916666666667,1,1.20073228088628,59.8241536143346,48.6100006103516,12.4300003051758,0,0,0,1
Trinidad and Tobago,The Caribbean,1460177,3,63.188007,0,0,1,30702,106.933333333333,26.7916666666667,0,33.7550849139768,50.2059913522625,10.5299997329712,44.8899993896484,NA,NA,NA,NA
United Arab Emirates,North Africa and Middle East,8916899,0,74.116425,1,0,0,74746,5.325,28.1,2,21.0263924904727,23.2916648719817,5.3899998664856,4.46999979019165,NA,NA,NA,NA
Tunisia,North Africa and Middle East,11557779,3,66.446968,0,1,1,11060,23.6083333333333,20.575,1,2.70598282693418,48.4654951893143,63.2999992370605,4.46999979019165,NA,NA,NA,NA
Turkey,North Africa and Middle East,79646178,3,71.247894,0,1,1,19836,52.1583333333333,11.7333333333333,0,4.46123115481488,37.9262718189716,50.0900001525879,28.1000003814697,0,5000,17,2
Turkmenistan,Eastern Europe/Former USSR,5766431,2,40.968796,0,1,0,22675,14.8333333333333,16.6,0,12.6990918887022,32.1282537613137,72.0100021362305,8.77999973297119,NA,NA,NA,NA
Uganda,Sub-Saharan Africa,37477356,2,50.888798,0,1,0,1954,109.458333333333,23.1666666666667,1,0.139771240905896,10.7633297272249,71.8899993896484,12.6899995803833,NA,NA,NA,NA
Ukraine,Eastern Europe/Former USSR,45154036,3,73.45195,0,1,1,8961,41.2833333333333,10.35,0,4.34697596024417,62.5891877381012,71.6500015258789,16.6700000762939,NA,NA,NA,NA
North Macedonia,Eastern Europe/Former USSR,2070226,3,68.4702,0,1,1,12371,58.4333333333333,11.025,1,3.41423382939103,91.68928285818,50.0400009155273,39.4300003051758,87000,105000,7,2
Egypt,North Africa and Middle East,97723799,0,63.606812,0,1,0,11159,2.925,23.2916666666667,2,2.42941973461636,48.2507973365171,3.80999994277954,0.0500000007450581,100000,100,141,3
United Kingdom,"Western Europe, North America, Australia, New Zealand",65116219,3,89.023857,1,0,1,36941,106.941666666667,9.00833333333333,1,6.22023961495676,84.9853737757071,70.8399963378906,13.039999961853,2400000,63600,3,2
Tanzania,Sub-Saharan Africa,52542823,2,50.63681,0,1,0,2566,83.6083333333333,22.9666666666667,2,0.251220814599751,4.25423448862546,44.7599983215332,54.2900009155273,0,5000,641,4
United States,"Western Europe, North America, Australia, New Zealand",320738994,3,81.354683,0,1,1,52591,62.5333333333333,8.40833333333333,2,15.989866258056,69.0917071342482,44.2400016784668,33.9000015258789,21474000,33600,319,29
Burkina Faso,Sub-Saharan Africa,18718019,2,51.11116,0,1,0,1450,66.6083333333333,28.8833333333333,1,0.183849877287497,10.9678555315992,44.2299995422363,23.6299991607666,31000,28871,8,1
Uruguay,Latin America,3402818,3,72.390175,0,1,1,19244,106.133333333333,18.3333333333333,1,1.96353790391526,46.4407954168989,81.6699981689453,10.9700002670288,0,28326,0,3
Uzbekistan,Eastern Europe/Former USSR,31298900,2,42.838802,0,1,0,9720,20.125,13.9416666666667,1,3.2885827616945,73.5688508069675,58.1100006103516,8.0600004196167,NA,NA,NA,NA
Venezuela,Latin America,30529716,3,52.555882,0,1,1,18802,142.1,26.4166666666667,0,5.71422342703963,50.9974915475587,24.3799991607666,52.9300003051758,0,45297,0,1
Samoa,The Pacific,203571,2,50.198986,0,0,0,NA,297.425,27.3833333333333,0,1.21277640261895,37.6587205075599,26.7199993133545,57.9799995422363,0,0,0,1
Yemen,North Africa and Middle East,28516545,0,46.635925,0,1,0,2844,14.325,24.0333333333333,0,0.497091070160344,56.8807996404238,44.3800010681152,1.03999996185303,200000,128026,29,3
Zambia,Sub-Saharan Africa,16248230,3,55.775517,0,1,1,3478,75.1,22.4166666666667,4,0.285427858211675,0.439425054772059,32.060001373291,61.5499992370605,NA,NA,NA,NA
